{"cameraMode":{"drawMode":0,"name":"Shaded","section":"Shading Mode"},"sceneLighting":true,"audioPlay":false,"sceneViewState":{"m_AlwaysRefresh":false,"showFog":true,"showSkybox":true,"showFlares":true,"showImageEffects":true,"showParticleSystems":true,"showVisualEffectGraphs":true,"m_FxEnabled":true},"in2DMode":false,"pivot":{"x":-3.0692150592803957,"y":-2.5975799560546877,"z":1.9796676635742188},"rotation":{"x":-0.22416406869888307,"y":0.46360310912132265,"z":-0.12248965352773667,"w":-0.848423421382904},"size":4.118908405303955,"orthographic":false}